location,lng,lat
Victoria Peak,114.145532,22.2758835
Hong Kong Disneyland,114.0398808,22.3154124
Lion Rock,114.1870366,22.3522705
Lantau Peak,113.9175335,22.2449387
Tai O,113.8661195,22.2523195
Ngong Ping,113.9053189,22.2560986
Victoria Harbour,114.167710150583,22.3074457936953
1881 Heritage,114.1699524,22.2954731
Tai Mo Shan,114.1379499,22.4088464
Tai Po,114.165521,22.4423282
Kowloon Park,114.1707929,22.3003928
Avenue Of Stars,114.1760595,22.2944488
Ngong Ping Village,113.9029888,22.2561853
Causeway Bay,114.1914919,22.2859787
Repulse Bay,114.1952039,22.2345043
Jumbo kingdom,114.161657,22.2439486
Sky 100,114.1603497,22.3034464
Sham Shui Po,114.1602846,22.3285899
Central,114.1587983,22.2799907
Lantau Island,113.941751,22.2664984
Observation Wheel,114.1615851,22.2853075
Hollywood Rd,114.1505559,22.2839821
Wan Chai,114.1751471,22.276022
Times Square,114.1811395,22.2773384
Tin Hau Station,114.1917258,22.2824215
Po Lin Monastery,113.9078801,22.2554806
The Peak Galleria,114.1496575,22.2701512
Mong Kok Station,114.1692081,22.3194068
Lippo Centre,114.16335,22.279536
Tian Tan Buddha,113.904984,22.2539847
Hong Kong International Airport,113.9137283,22.3134736
Ocean Park,114.1721746,22.2346359
Giant Panda Adventure,114.1766509,22.2455794
Hong Kong Science Museum,114.177655,22.3010111
Yau Ma Tei,114.1714423,22.3068537
Tsz Shan Monastery,114.1655064,22.4423218
Lamma Island,114.1350173,22.2000056
Big Wave Bay Beach,114.247163,22.246575
Kowloon,114.1796057,22.3185673
SOGO,114.18363,22.28091
Hong Kong Palace Museum,114.1552727,22.3016783
ifc mall,114.158131,22.28588
Nathan Rd,114.1710157,22.3109155
Museum of Art,114.1721324,22.2936055
Hong Kong Cultural Centre,114.1703232,22.2938496
Harbour City,114.1670158,22.2949008
Hong Kong Park,114.16045,22.27767
Tsim Sha Tsui,114.1721746,22.2988123
Prince's Building,114.1592117,22.2811963
The Peninsula,114.1718537,22.2951024
Shanghai St,114.1692758,22.3135379
Brooklyn Bar and Grill,114.1526068,22.2822636
Tsing Yi Station,114.107672,22.3584978
Sunny Bay Station,114.028489,22.332852
Kwun Tong,114.2227035,22.3103686
The Peak Tram,114.1560549,22.2735527
Wellington St,114.1544719,22.2830956
Mak's Noodle,114.1546096,22.2830505
Tsing Ma Bridge,114.0733443,22.3511503
Adventureland,114.0418289,22.3112911
Sham Shui Po Government Primary School,114.1477494,22.3332735
Aberdeen,114.1524398,22.2483068
South Horizons,114.1476512,22.243373
Temple Street Night Market,114.1699805,22.3065185
LOUIS VUITTON,114.1690661,22.2962782
Pacific Place,114.1649087,22.2772459
The Peak Terminus,114.149604,22.270375
Hong Kong Trail,113.951154,22.293224
Pok Fu Lam Reservoir Rd,114.1428983,22.2667519
The Grand Buffet,114.1717929,22.2746422
Wesleyan House,114.175008,22.2742973
West Kowloon,114.1602846,22.3034757
Disney's Hollywood Hotel,114.037334,22.309187
Tai Tam,114.2106427,22.2567774
Hong Kong Convention and Exhibition Centre,114.1731385,22.2833754
Lei Yue Mun,114.237563701171,22.2847187849031
Hoi Ping Rd,114.1851576,22.2775808
Australia Dairy Company,114.1704601,22.3046026
Ching Kee,113.8633885,22.2549323
Mong Kok Night Market,114.1675284,22.3182096
The Hong Kong Polytechnic University,114.1795767,22.3045633
East Tsim Sha Tsui,114.174586,22.295263
Hong Kong Island,114.1910696,22.2587586
Ngong Ping 360,113.9014163,22.2563163
Mystic Manor,114.0409612,22.3099697
Toy Story Land,114.0396959,22.3103855
THE MATCHA TOKYO,114.1828394,22.2782176
Arte M,114.2075017,22.2915374
Monster Building,114.2123028,22.2842028
East Coast Park Precinct,114.1895168,22.2881124
iSQUARE,114.1718959,22.297025
North Pole Encounter,114.1719653,22.2351741
The Peak Tower,114.1499638,22.2712357
Kwun Yum Temple,113.8838019,22.2413178
Mong Kok,114.169773,22.3203648
Temple St,114.1700012,22.3116851
Lan Kwai Fong,114.1555456,22.2806973
Star Ferry Pier,114.1611671,22.2870737
Hong Kong Macau Ferry Terminal,114.1523423,22.2896835
Hong Kong Station,114.158177,22.284681
The Kimberley Hotel,114.173762,22.3005735
Granville Rd,114.1749756,22.3002167
ICHIRAN,114.1813642,22.2804835
World Trade Centre,114.1842189,22.2815279
Sky City Interchange,113.9420461,22.3142615
K11 MUSEA,114.1739272,22.2941573
Madame Tussauds,114.1497382,22.2711973
Tsim Sha Tsui Promenade,114.1783517,22.2972721
Lai King,114.1279688,22.3472644
Tung Chung,113.9425086,22.2873743
Wo Foo Commercial Building,114.1704383,22.3151964
Hung Hom Pancake,114.1863838,22.3065617
Hung Hom,114.1887233,22.3055658
L & S WIGS,114.1700418,22.3061336
Bakehouse (Wan Chai),114.1713876,22.2758732
Kai Kai Dessert,114.1710799,22.3065554
Cheung Hing Coffee Shop,114.1849949,22.2693517
Kam's Roast Goose,114.175305,22.277642
Po Wah Commercial Centre,114.1752946,22.2776183
Hong Kong-Zhuhai-Macao Bridge,113.9473807,22.3146569
Clock Tower,114.1695528,22.2935624
Tsim Chai Kee Noodles,114.1639445,22.3210377
Sister Wah Beef Brisket,114.1915492,22.2831794
Chi Lin Nunnery,114.2050575,22.340498
Nan Lian Garden,114.2045149,22.3396114
Diamond Hill,114.2,22.35
Happy Valley Racecourse,114.1806169,22.2718214
Ladies' Market,114.1701978,22.3210731
Wan Chai Station,114.1731527,22.2775487
Yat Lok Restaurant,114.1552917,22.2824828
Hop Yik Tai,114.1612409,22.3304721
Apliu Street Flea Market,114.161134,22.330392
Victoria Park,114.1886969,22.2823565
Stubbs Rd,114.1785536,22.2697473
K11 ARTMALL,114.1736355,22.297525
Tung Lung Chau,114.2895708,22.2482026
Choi Hung Estate,114.098041,22.355617
Kennedy Town,114.1292619,22.2822235
Royal View Hotel,114.0780214,22.3684504
Langham Place,114.1686743,22.3182116
Ap Lei Pai,114.1606562,22.2312142
Dragon's Back,114.2432252,22.2369295
The Peak Lookout,114.1493835,22.2709975
AKI Hotel,114.1768852,22.279232
Tsing Yi,114.1023164,22.3474872
Central Ferry Pier,114.1613751,22.286342
Cheung Kong Center,114.1603101,22.2794704
Hyperspace Mountain,114.0413133,22.3139916
Tomorrowland,114.0418622,22.3132677
The Hong Kong Country Club,114.178375,22.2449736
Yu Moon House,114.2125303,22.2185527
The Grand Aquarium,114.1746826,22.2458385
Southorn Stadium,114.1728298,22.2766709
Lady BoBo,114.1831122,22.2796285
The Ritz-Carlton,114.1601907,22.3034032
The St. Regis,114.174828,22.2801126
Mui Wo,113.9947441,22.266032
The Hideout,113.9954981,22.2631723
Best Western Plus Hotel,114.1390785,22.2872577
Central and Western District Promenade,114.1661722,22.2830932
Prince Edward Station,114.1683841,22.3250797
One Dim Sum,114.1691477,22.3254818
Apt. Coffee Wanchai,114.1684939,22.2761649
Ramada Hong Kong Harbour View,114.1435312,22.28699
North Point,114.192803,22.2884683
Ramada Hong Kong Grand View,114.1973575,22.2911591
Western Market,114.150392,22.287287
Queen's Road,114.1404822,22.2869779
Shang Sin Chun Tong,114.1207922,22.5063885
For Kee Restaurant,114.1478788,22.2851885
Harbour Kitchen,114.1729032,22.2810541
Tai Kwun,114.154023,22.2811686
Violet Hill,114.1997861,22.2498208
The Hong Kong Tourism Board Kowloon Visitor Centre,113.935044,22.315492
Tin Hau Temple,114.1992577,22.2877547
Wong Tai Sin Temple,114.1932582,22.3427257
Hung Hom Kwun Yum Temple,114.1857452,22.3079801
Yaumatei Tin Hau Temple,114.17052,22.3102986
Dorsett Wanchai,114.178936,22.274559
6 Hennessy Rd,114.1680033,22.2777772
Ming Court Hotel,114.172966,22.278367
Trusty Congee King,114.1770965,22.2775357
MOMA,114.1742746,22.2935388
Tung Choi St,114.1696114,22.3239098
Fa Yuen Street Market,114.1386739,22.2579822
Montane Mansion,114.2119759,22.2842103
Hong Kong Museum of History,114.1772612,22.3018851
Mon Kee Café,114.1737608,22.2785963
Kowloon Centre,114.1702704,22.2975863
Megan's Kitchen,114.1770513,22.2768993
Milksha,114.183451,22.2791897
Kapok,114.168738,22.27638
Blue Bottle Coffee,114.1691362,22.2760081
Sau Wa Fong,114.1697587,22.2758348
Rainbow Stairs,114.1520302,22.2848544
Jordan,114.1715157,22.3059608
Hashtag B,114.1838448,22.2783292
SHARI SHARI Kakigori House,114.1865756,22.2774682
Kamcentre Roast Goose,114.1865005,22.2754541
Yee Shun Milk Company,114.1833108,22.2805578
Lan Fong Yuen,114.1537154,22.2827177
Main Street Bakery,114.0427323,22.3129308
Royal Banquet Hall,114.0409,22.3122806
Stone Slab Street,114.1564438,22.2836173
Cheung Chau,114.0265007,22.2016179
Attitude on Granville,114.1737367,22.2998247
Jordan Station,114.17166,22.30479
Sai Ying Pun Station,114.142733,22.285533
Sun Yat Sen Memorial Park,114.1454925,22.2902364
M+,114.159495,22.3005044
Man Mo Temple,114.1501999,22.2839729
Xiqu Centre,114.1672715,22.3021749
Eyebar,114.1718269,22.2971751
Sun Hing Restaurant,114.1282358,22.2829656
Central Market,114.1556287,22.2843902
Kung Lee Sugar Cane Drink,114.1527487,22.2828502
Repulse Bay Beach,114.1963252,22.2367659
PMQ,114.1515669,22.283328
Mott 32,114.1591079,22.2806407
Citygate Outlets,113.941257,22.290213
Sheung Wan,114.1491375,22.2863943
HKU Station,114.1368637,22.2856322
Tai O Rd,113.8724226,22.2476013
Tai O Market St,113.8621,22.2540245
Fu Shan Viewing Point,113.8578233,22.2596763
Tai Tam Reservoir,114.2130899,22.2515681
Sun Ki Bridge,113.8639472,22.255585
Yat Tung Heen,114.1717085,22.3080401
Water World,114.1680503,22.2355883
Old Hong Kong,114.1764989,22.2461407
Walking With Buddha,113.902991,22.256406
Hong Kong Zoological and Botanical Gardens,114.154823,22.278962
Hing Kee Restaurant,114.170107,22.31136
Oi Man Sang,114.1623071,22.3266872
Diamond Hill Station,114.201698,22.340017
Grizzly Gulch,114.0420894,22.3101633
Kowloon Walled City Park,114.1903285,22.3321296
Kowloon City,114.1920172,22.3306602
Kau Kee,114.1525076,22.2842413
Pa Shih,114.1525344,22.2842271
Cheung Hing Kee Shanghai Pan Fried Buns,114.1716428,22.2976589
Halfway Coffee,114.1497161,22.2847563
Shek O Peak,114.2333333,22.2333333
Dragon Centre,114.1598202,22.3310175
Wan Chai Rd,114.1769649,22.2770532
Kwai Fong,114.1298151,22.3578109
HSBC Building,114.1593865,22.2802222
Big Wave Bay,114.2501946,22.2453604
Lockhart Rd,114.1766088,22.2785952
Mak Man Kee Noodle Shop,114.1705126,22.3046468
The Monocle Shop,114.1692794,22.2760997
St John's Cathedral,114.1597309,22.2787367
Bridal Tea House Hotel,114.1706243,22.3109522
Yau Ma Tei Station,114.17068,22.31283
Tung Chung Station,113.9320255,22.2914842
Tai O Inn,113.8574814,22.2557211
Hung Hom Station,114.1821,22.30289
Mini Hotel,114.172444,22.297207
Cordis,114.168112,22.318175
Kowloon Station,114.161475,22.304306
Admiralty,114.1654865,22.2796357
Tsim Sha Tsui Station,114.1721665,22.2977271
Lau Sum Kee Noodle,114.1630699,22.3322331
Kung Wo Beancurd Factory,114.1635907,22.3310951
Sun Heung Yuen,114.1608932,22.3298688
Fuk Wa Camera,114.1632065,22.3308456
Kwan Kee Store,114.1632036,22.3307204
Regent,114.1739346,22.2934362
The FOREST,114.1714151,22.3189016
Chung Hing St,114.0274569,22.2047639
Tsim Chai Kee Noodle,114.1544898,22.2829866
Ho Lee Fook,114.1524584,22.2830158
Carnarvon Rd,114.1735651,22.2993153
Tsuen Wan,114.1144306,22.3699122
Kennedy Rd,114.1660081,22.2753161
Cable Car Discovery Centre,113.9033108,22.2562165
Wisdom Path,113.9119621,22.2525
Coffee & Laundry,114.147068,22.2872986
Joy Hing Roasted Meat,114.1767069,22.2781295
Kennedy Town Station,114.1288825,22.2812467
AsiaWorld-Expo,113.943288,22.321343
SkyCity Marriott Hotel,113.943278,22.317823
Hong Kong Space Museum,114.171901,22.294288
Chungking Mansions,114.1723905,22.2963031
Harbour Inn Cuisine,114.1718661,22.2968227
Sha Tin Che Kung Temple,114.182831,22.373419
Wong Tai Sin Station,114.19385,22.34166
Peel St,114.1524076,22.282327
Yung Kee Restaurant,114.1555671,22.2815799
Sneakers Street,114.1711656,22.3187397
Fu Wah Café,114.1699541,22.3138241
Yip Fung Building,114.1250773,22.3558536
Sushi Raku,114.1559665,22.2813013
New Praya,114.1275369,22.2839248
Hotel ICON,114.1796973,22.3007586
Mong Kok East,114.1726,22.32205
Waso Café,114.172919,22.299445
Regal Hongkong Hotel,114.186825,22.279153
Johnston Rd,114.1732088,22.2766154
Tai Yuen St,114.1732951,22.2755235
Yuen Ching Kok (Wong Tai Sin),114.152743,22.342849
Tai Kok Tsui,114.1620857,22.3198474
Bee Cheng Hiang,114.170542,22.2979
Macdonnell Rd,114.15837,22.275519
Queensway,114.1644047,22.2784929
Two MacDonnell Road,114.155527,22.2762116
Robinson Rd,114.1495332,22.2810895
OZONE,114.1601865,22.3033986
Shau Kei Wan,114.2286476,22.278746
Tung Chung Kitchen,113.9461241,22.2954936
New Town Plaza,114.1886372,22.3817578
Kam Fung Restaurant,114.1725736,22.275502
Min Jun Cart Noodles,114.1536328,22.2484315
Omotesando Koffee,114.1724786,22.2756634
Haiphong Road Temporary Market,114.170111,22.2979078
Central-Mid-Levels Escalators,114.1549689,22.2838464
Disney Explorers Lodge,114.0386053,22.3081634
Dragon Wind,114.038465,22.30769
Nathan Hotel,114.1716967,22.3076315
Victoria Dockside,114.1746274,22.2943418
The Harbourview,114.1711192,22.2801722
The Emperor Hotel,114.1782419,22.2748188
Stanford Hillview Hotel,114.1744504,22.3014619
Regal Oriental Hotel,114.1930606,22.3299762
Hysan Place,114.1839629,22.2795933
Tai On Coffee & Tea Shop,114.1684446,22.3133868
Hong Kong Railway Museum,114.1643409,22.4475932
Sai Wan,114.1365037,22.2876838
Sai Ying Pun,114.1417059,22.2875634
Ngong Ping Cable Car Station,113.938363,22.290337
208 Johnston Road,114.1762227,22.2773147
Tsz Wan Shan,114.200412,22.3515518
Ping Shan,114.0083831,22.4406709
Fo Tan,114.1929428,22.3985709
Sha Tin,114.1974398,22.3771304
Halfway Coffee (Mong Kok),114.167129,22.315968
堅強貿易行,114.167099,22.315986
Law Fu Kee,114.1535336,22.2824818
Underpass Restaurant & Bar,114.1923943,22.2846423
Stone Nullah Ln,114.173862,22.2744181
阿四快餐,114.1714699,22.2974087
Wanchai House,114.1743357,22.2760209
Chai Wan Park,114.2384456,22.2666664
Chai Wan,114.2360778,22.2678103
Model Boat Pool,114.2606581,22.3149738
HKUGA Primary School,114.2396209,22.2656129
Chai Wan Station,114.2368672,22.2640684
Fortress Hill,114.194839,22.2879159
Noah's Ark Hotel and Resort,114.061618,22.348296
Mira Place,114.17223,22.300049
DON DON DONKI,114.172355,22.3003007
New Territories,114.1234149,22.3704243
Wah Fat Industrial Building,114.1342154,22.3622852
Tsuen Wan Station,114.1177168,22.3736788
Wong Tai Sin,114.1929813,22.3429615
Wong Tai Sin Plaza,114.1925768,22.3420752
West Kowloon Art Park,114.1551603,22.2991007
Bacha Coffee,114.1578927,22.2860413
Forbidden Duck,114.1817617,22.2782295
Villepin,114.1531548,22.2828227
Shelley St,114.1523005,22.2810265
LEGOLAND Discovery Centre,114.1729583,22.2942962
Harbour Plaza Resort City,114.0043749,22.4575256
Whampoa,114.18955,22.30503
Felix,114.171875,22.2952306
Ho Hung Kee,114.1837883,22.2798079
Cross Harbour Tunl,114.1819044,22.2918821
Golden Bauhinia Square,114.1739009,22.284425
Ocean Theatre,114.1707625,22.2333879
Tai Tam Gap,114.2316197,22.2587513
Prince Edward,114.1692021,22.3243935
Yoshinoya,114.1154544,22.372473
Grand Plaza,114.169364,22.3181205
Upper Lascar Row,114.1496663,22.2848892
Tai Ping Shan,114.1481805,22.2848433
Eaton HK,114.1717101,22.3080409
Braemar Hill Rd,114.1998,22.285819
Tin Hau,114.1922382,22.2823972
Yue Po Chai Antique Co.,114.1499524,22.2841874
The Helena May,114.158521,22.2775168
Little Bao,114.1522525,22.2840586
Yung Shue Wan,114.1046947,22.2262161
Pichic Bay,114.131468,22.205547
Hang Lung House,114.1527289,22.2849242
Shau Kei Wan Terminus,114.2300602,22.2778627
Sha Tin Station,114.186856,22.382049
Shangri-La,114.1644241,22.2771904
Kam Wah Cafe & Cake Shop,114.1697189,22.3222738
Wong Chuk Hang,114.1664957,22.2459198
Yip Kan St,114.1671379,22.2492646
Dim Dim Sum,114.1705308,22.3200318
Elegant Tang Dynasty,114.149742,22.271213
Wycombe Abbey School,114.1496736,22.2510891
Little Cove Espresso,114.1284992,22.283888
Lung Dim Sum,114.1751143,22.2775552
HZMB Hong Kong Port,113.95105,22.31614
M1 Hotel,114.1703052,22.3124806
東豪肉食公司,114.1741598,22.2757086
Luen Tai Building,114.1751238,22.2766143
Gage St,114.1533568,22.2833501
Fa Yuen St,114.1708026,22.3210526
Harbour Grand,114.1918459,22.2890067
Sheraton Hong Kong Tung Chung Hotel,113.9461967,22.2956594
Monopoly Dreams,114.1497077,22.2701292
Chai Wan Rd,114.23378,22.2698192
Sun Sing St,114.2250275,22.2793199
West Kowloon Cultural District,114.1559029,22.3002469
Central Station,114.1576766,22.2819989
Yun Ping Rd,114.1851286,22.2787687
C Dessert,114.1709262,22.2769227
New Five Dragon Congee & Noodle Restaurant,114.1470543,22.2878366
My Cup of Tea,114.1729032,22.2761048
New Baccarat Seafood Restaurant,114.0270098,22.2115259
Cheung Chau Corner,114.0289423,22.2093396
Lin Heung Kui,114.1468927,22.2875238
Hak Dei,114.1681713,22.3196117
Kwan Kee Claypot Rice,114.1430347,22.2870412
Po Toi,114.2598533,22.1692324
Austin Station,114.1661027,22.3052927
Peng Chau,114.0413675,22.2830679
LAB ZERÕ,114.1753262,22.3015016
After You Dessert Café,114.1724321,22.2756789
Hyatt Centric,114.1989849,22.292768
Fook Yuen,114.1937731,22.2890364
Tsuen Wan West Station,114.109705,22.3684317
Quarry Bay Station,114.2097467,22.2878748
Cape D'Aguilar,114.2666667,22.2166667
Hong Kong Observation Wheel,114.1617221,22.2852859
HeSheEat,114.1713301,22.3192714
Admiralty Station,114.164559,22.279412
World of Frozen,114.0388401,22.31241
Golden Crocus Inn,114.0391521,22.3122329
Panda Hotel,114.120796,22.368988
Tuen Mun,113.9725126,22.3908295
Ten Thousand Buddhas Monastery,114.1847775,22.3876093
Tai Wo Hau Station,114.124951,22.370758
Bakehouse (Central),114.153144,22.2817302
Ngong Ping Nature Centre,113.9031923,22.2558934
To Tei Wan,114.2344354,22.2272762
Graham St,114.1535824,22.283043
Staunton St,114.1523449,22.2823763
Deli-O,114.1520234,22.2878936
Shun Tak Centre,114.1517914,22.2879098
Mount Parker Rd,114.2159966,22.2685204
Blue House,114.1741481,22.2739309
Tai Cheong Bakery,114.153615,22.282594
Hong Kong Heritage Discovery Centre,114.1698495,22.2993211
The Mira,114.1722504,22.3003264
Castle of Magical Dreams,114.0410987,22.312553
Victoria Peak Garden,114.1440778,22.274287
New World Millennium,114.1797146,22.2993157
Lee Garden,114.1852925,22.2790783
Hong Kong Fisherman's Wharf,114.1910993,22.3088208
Masjid Ammar and Osman Ramju Sadick Islamic Centre,114.1788196,22.2773495
Dim Sum Here,114.1698291,22.3037815
Grand Fortune Mansion,114.1267959,22.2835844
Victoria Prison,114.1537198,22.2809373
Regal Kowloon Hotel,114.178027,22.298849
Grand Hyatt,114.1721379,22.2814073
Hung Kee Seafood Restaurant,114.0948492,22.4490691
Sai Kung District,114.270976,22.3833893
Main Street Market,114.0429073,22.312961
Red Tea,114.1732766,22.2990115
Triangle St,114.1744657,22.2762408
Marty's General Store,114.0433811,22.3130478
King Bakery,113.9305332,22.3138833
Quarry Bay,114.2123009,22.2827206
Big Grizzly Mountain Runaway Mine Cars,114.0422037,22.3099001
Mammy Pancake,114.1854284,22.2794814
The Old Man,114.1516321,22.2828387
Mandarin Oriental,114.1594433,22.2818794
Hong Kong Traditional Food,114.1715206,22.2965683
Barker Rd,114.1581584,22.2706545
Gresson St,114.1698546,22.2764167
Cityplaza,114.217477,22.286721
The Ice Palace,114.2173786,22.2870415
Lee Tung Avenue,114.1723395,22.275594
Hopewell Centre,114.1717253,22.2746386
Metroplaza,114.1261909,22.3574339
DON DON DONKI,114.1549433,22.2833443
Fortnum & Mason,114.1757816,22.2943849
Nam Wan Tunnel,114.1009114,22.3385402
Capital Café,114.1772268,22.27763
ArtLane,114.141454,22.2872084
Spring Garden Ln,114.1726383,22.2753739
Cheung Chau Beach Rd,114.030706,22.2092774
Kee Wah Tearoom,114.1717468,22.2751902
Queen's Dumpling,114.1766585,22.277064
Artemis & Apollo,114.1685466,22.2762938
Maxim's Palace,114.161759,22.28237
Island Workbench,114.0288459,22.2109003
Myarts,114.0305743,22.2089313
Kozi Island Café,114.0302975,22.2087894
Duddell's,114.1572301,22.280245
The Chinese Library,114.1541034,22.2817737
LockCha,114.1626782,22.2778708
Sai Tso Wan,114.0882496,22.3452852
Mui Wo Ferry Pier,114.0196117,22.2365891
The Westwood,114.1332523,22.284968
Carbone,114.1551291,22.2804373
Lai Chi Kok Station,114.14803,22.33726
AIA Carnival,114.1623725,22.2848624
Ladies Street Sik Faan Co.,114.1710135,22.3163037
Hay Wong Dim Sum,114.170184,22.314126
Fortune Foot Massage,114.153175,22.2807004
Sha Tin Racecourse,114.2045026,22.4007203
Stanley Village Rd,114.2125246,22.2210482
Stanley Murray House,114.2097467,22.2180454
Stanley Plaza,114.2099012,22.2193417
Stanley,114.2126685,22.220422
Aberdeen/Stanley,114.2103229,22.2171761
TinTinPhoto,114.209809,22.219471
Living PLAZA,113.9400317,22.2888115
Sai Kung New Public Pier,114.2744323,22.3812237
Sing Kee,114.1547216,22.2836143
Lion Rock Head,114.1851387,22.3523236
Les Halles,114.1722114,22.2755239
Ink & Plate,114.0370912,22.3091662
The Archivist,114.0369862,22.3088587
Celebrity Gifts,114.0371427,22.3091228
Fook Moon Lam Restaurant,113.8619618,22.2545348
Tai O Bakery,113.8631366,22.2547737
Village Bakery,114.0011157,22.263876
JC Contemporary,114.1542577,22.2806884
Hong Kong Correctional Services Museum,114.2179898,22.2162901
Prison Yard,114.1539264,22.2808177
T Square,114.1545139,22.2486503
Man Kee Cart Noodle,114.1627354,22.3317461
Kam Ming Noodles,114.1653258,22.3306041
Tai Wo Tang Café,114.1894226,22.3285877
Mido Café,114.1702722,22.3102211
Chek Lap Kok,113.923907,22.3083934
Canton Rd,114.1687897,22.3090254
Tai Chi Garden,114.1611098,22.2767188
Conrad Hong Kong,114.1654058,22.2766755
Lung Fung Mall,114.170904,22.3185118
Honolulu Café,114.1550298,22.2831276
Honolulu Coffee Shop,114.1739502,22.2775264
Snoopy's World,114.1893073,22.3819376
BASAO,114.1686819,22.2761797
Lugard Road Lookout,114.1467785,22.2781446
Dr Sun Yat-sen Museum,114.1508983,22.2820287
Fringe Club,114.1557172,22.2802398
Lucky Star Coffee Shop,114.1837295,22.2790021
Buddhist World in the South Archway,113.9045697,22.2552379
Bakehouse (Causeway Bay),114.1840501,22.2794152
Tai Tam Mound Waterfall,114.0218965,22.3867326
Tai Long Wan,113.9975091,22.2152139
Tai Lam Chung Reservoir,114.0292614,22.3842445
Lugard Rd,114.1417494,22.2756596
Imperial Hotel,114.1725361,22.2962225
Amo·Ago,114.1528319,22.281566
Shouson Hill,114.1810919,22.2471845
Stanley Market,114.212625,22.2181259
Stanley Main Street,114.2128324,22.2171556
ROSÉ,114.1561361,22.2811073
Choi Hung Estate Rooftop Basketball Court,114.2071925,22.3345262
Choi Hung Station,114.210056,22.334206
Quinary,114.1528646,22.2826601
COA,114.1520992,22.2840082
Kwai Heung St,114.1429885,22.2874132
Crystal Lotus,114.043762,22.30792
Yau Wok Hei,114.1599349,22.3283481
Sai Kung Cafe & Bakery,114.2731611,22.3812038
Kowloon Mosque And Islamic Centre,114.1717195,22.2987084
Mobile Softee,114.1701301,22.2980402
Cupnoodles Museum,114.1677848,22.3005346
Mrs. Fong Dessert,114.1700797,22.3064074
Kowloon Tin Hau Temple,114.1598666,22.3285249
Tei Mou Koon Dessert,114.1874719,22.3287948
Hong Kong Visual Arts Centre,114.1593789,22.2767383
Starliner Diner,114.042069,22.3132348
FINEPRINT,114.1527794,22.2826808
Mt. High West Viewing Point,114.1361878,22.2721245
Danish Bakery,114.1862209,22.2777852
Lord Stow's Bakery,114.1594455,22.2818841
Tung Tat,114.1708549,22.3138452
Davis St,114.1268132,22.2825477
Sky Bridge,113.9315268,22.3160322
Frozen Ever After,114.0388584,22.3120797
Dragon State Kitchen Restaurant,114.1516,22.2857301
King Sing St,114.1740556,22.2740349
Park Hotel,114.175119,22.2996902
% Arabica,114.1266778,22.2836703
Yau Tsim Mong District,114.1706884,22.3116028
Ocean Pacific,114.1704063,22.3073661
The Iron Fairies,114.1545553,22.2819802
Tai O Tai Ping St,113.864438,22.25362
Hong Kong Jockey Club Sichuan Treasures,114.1754355,22.245378
Mai Po Rd,114.0592827,22.4918277
Soft Thunder Bakery,114.1688075,22.2768698
Hop Fat Café,114.167525,22.316858
Playhouse in the Woods,114.039073,22.3129981
Fantasyland Station,114.0397224,22.3124104
Dragonfly,114.1541828,22.2810867
Hong Kong Museum of Medical Sciences,114.1486498,22.2834842
Kai Tak Commercial Building,114.1506912,22.2872043
Demon Grove,114.172587,22.2330736
iclub Wan Chai Hotel,114.175878,22.277444
Travelodge Kowloon,114.1723144,22.3069602
Oriental 188 Shopping Centre,114.1775574,22.2775057
EPARK COFFEE,114.1672809,22.3235405
Wing Hap Lung Restaurant,114.1677378,22.3245538
Hennessy Rd,114.1745433,22.2779918
Tai O Rural Committee Square,113.8622381,22.2545463
Kat Hing St,113.862949,22.254712
Tsim Sha Tsui Fire Station,114.1676695,22.3012224
Central Rd,113.9094227,22.4118599
Tram View Café,114.1582721,22.2767297
Mid-Levels,114.147865,22.2816223
Main Street USA,114.0433052,22.3129823
May Rd,114.1555451,22.2738597
Ngong Ping Piazza,113.9058728,22.2552355
Wai Kee,114.1633944,22.3316222
Yan Ching St,113.9753053,22.3956924
Bute St,114.16861,22.3220107
Des Voeux Rd,114.1402116,22.2877898
Wo Yick Mansion,114.1432192,22.2870426
Tai O Lookout,113.8538943,22.2532063
Causeway Bay Station,114.1850421,22.2803747
Long Ping Station,114.0253392,22.4477597
Masterbeef,114.170082,22.3169574
Sukiya,114.167774,22.319276
Exchange Square,114.1579096,22.2842031
Mr. Ma & Restaurant,114.1118854,22.2258721
Main Street Corner Café,114.042469,22.312871
Tarzan's Treehouse,114.0417371,22.3113272
Sha Kok Station,114.1939135,22.3766305
Kokoro Tokyo Mazesoba,114.171176,22.2773666
Arena Kitchen,113.9448604,22.3220854
Lai King Station,114.126161,22.348416
Kowloon Public Pier,114.1696429,22.2930474
Animation Academy,114.0437105,22.3133849
Che Kung Temple Station,114.185953,22.37476
Aberdeen Fisherman's Wharf Pier 6,114.1535512,22.247364
Baked Tai Hang,114.1681945,22.2775159
Kung Fu Tea,114.1465851,22.3379006
Kowloon Park Dr,114.1698733,22.2973191
Potion House,114.1715012,22.2759639
Cheung Kong Park,114.1600909,22.279097
Lo Wu,114.1149511,22.5276195
Citywalk,114.1145597,22.3679811
Bird Market,114.1739371,22.3259562
Hong Kong Heritage Museum,114.1772271,22.3213884
Queen St,114.147243,22.287611
Chukfo Taipan Restaurant,114.1743343,22.2762154
Tung Chung Development Pier,113.9403955,22.2942958
The Silveri,113.940997,22.289916
Kamikaze Cave,114.1275299,22.2042466
Hong Kong Ocean Park Marriott Hotel,114.1757983,22.2476235
Transformers The Ark,114.1821856,22.2787813
Tai Wai,114.178626,22.375941
Jungle River Cruise,114.0411983,22.3112652
One One Roast Goose Restaurant,114.1277596,22.2814945
Vission Bakery,114.1531348,22.2818843
Sense Coffee,114.1520185,22.2857239
The University of Hong Kong,114.1365621,22.2830891
Cruise Restaurant & Bar,114.1990203,22.2927951
Plaza Hollywood,114.2020184,22.3405929
Kam Chung Commercial Building,114.1697864,22.2779468
King's Rd,114.2098716,22.2883531
Wah Tao Seafood Restaurant,113.9347408,22.2861167
Tai Wong Yeh Temple,114.2307856,22.313243
Garden Rd,114.1583259,22.2776181
Milk Bar,114.1646077,22.3280135
Dim Sum Square,114.1512932,22.2848766
Lin Heung Lau,113.95968,22.3776688
To Kwa Wan,114.1879691,22.3173373
Kowloon Taproom,114.1706266,22.2966598
Space Traders,114.0414923,22.313995
Shek Tong Tsui,114.1338924,22.2863914
Tin Hau and Kwun Yum Statues,114.1984816,22.2347685
Sun Wui Rd,114.1846887,22.2775861
Wu Zhi Jian Beef Noodles,114.1773507,22.2779191
Wai Kee Halal restaurant,114.1805467,22.2781263
Lai Chi Kok,114.1359272,22.3377817
New World Town Hall,114.1463815,22.3392195
Ping Pong 129,114.1397016,22.2863229
ChorLand Cookfood Stall,114.1338663,22.2860832
Tsim Sha Tsui Star Ferry Pier,114.1682268,22.29381
Sun King Yuen Curry Restaurant,114.1729784,22.2758176
Sun St,114.1683811,22.2765342
The Baker & The Bottleman,114.1720642,22.2750054
Jardine's Lookout,114.1959536,22.2671646
Mini Central,114.15634,22.280489
灣仔順記,114.175035,22.2766526
Wood Rd,114.1771118,22.2764794
Yau Ma Tei Police Station,114.1660641,22.3102619
Star St,114.168306,22.2761315
Lan Heung Restaurant,114.1163057,22.368831
TEI MOU KOON Dessert,114.138633,22.285245
Lo Pan Temple,114.1319424,22.283062
St Margaret's Church,114.1844368,22.2741103
Rosedale Hotel,114.1883333,22.2791667
Leung So Kee Umbrella,114.1717097,22.3004025
The Fleming,114.1748164,22.2789688
Kwai Tsing District,114.1260991,22.3549077
Tai Hang Rd,114.1923218,22.2775724
Hutong,114.1733149,22.2954247
Tung Chung Bay,113.9319781,22.285858
Lantau Country Park,113.927879,22.26368
Nei Nak Shan,113.911925,22.2629796
Centrestage,114.1510558,22.2837076
British Consulate General,114.164989,22.276156
The Langham,114.1697461,22.2963977
Luen Fat Restaurant,114.188802,22.3280666
Wah Lok Café,114.1494923,22.285196
Sun Kee Noodles,114.1281009,22.283202
Apliu St,114.1635581,22.3289752
Alice Pizza,114.1698424,22.2763772
On The Hill Coffee Bar,114.186357,22.312774
Prosperous Building,114.1564528,22.2833466
Aqua City,114.0284025,22.4426938
Bing Kee Cha Dong,114.1922811,22.2784666
Blue Coast,114.1672404,22.2470253
Sha Tin Park,114.1901434,22.3795777
Ocean Express Waterfront Station,114.1758883,22.2454298
Nina Mall,114.11299,22.368748
Ohlalagout,114.1514204,22.2847014
MOKO,114.1723194,22.3231937
Flat Iron Steak,114.1506157,22.2846688
Middle Rd,114.1722505,22.2955823
King Tak Hong Porcelain Company Limited,114.1704596,22.2760055
DOZY Café,114.1630916,22.3278266
Yee Wo St,114.1859858,22.2797838
Tai Hing,114.190765,22.304823
The Farmhouse,114.1990127,22.2929382
Dragonking Dim Sum,114.1771674,22.2782978
2 Café,114.1522558,22.2854205
Craft Coffee Roaster,114.1618893,22.3192387
Wing Ning St,114.1798112,22.2776553
NOC,114.1393031,22.2876967
Fat Boy Shop,114.1740092,22.2994169
Argyle Centre,114.169716,22.3198782
ARTISTA PERFETTO,114.2687451,22.2963405
Wan Chai Market,114.1737073,22.2750716
Knockbox Coffee Company,114.1725583,22.3176204
Urban Coffee Roaster,114.1857915,22.2819838
Wong Wing Kee,114.151928,22.2848727
Brighton Hotel,114.172647,22.277978
Law Mark Kee,114.1626216,22.3173476
Taikoo Shing,114.2189883,22.2865471
Dolphin Explorations,114.1708073,22.233415
Tai Wo St,114.1740649,22.2761617
Tamar Park,114.1657652,22.2815974
Novotel,114.176386,22.2788043
Sang Roastery,114.1934739,22.3204627
California Hotel,114.1723522,22.2978257
Victoria Peak's Lions Pavilion,114.1507897,22.2709398
Magic Rd,114.0377671,22.3173847
Walt's Café,114.044302,22.307946
Maritime Square,114.1081419,22.3584265
Kwun Tong Station,114.226465,22.3121714
Mondrian,114.1747994,22.2977106
Yung Kee Roast Goose Restaurant,114.1735111,22.3008593
Shiu Shing Hong,114.1501518,22.285703
Sim City,114.1701562,22.3176702
David Chan Co,114.1732086,22.3008364
Sharp St W,114.1805808,22.2776379
Enchanted Garden Restaurant,114.044269,22.308028
Explorer's Club Restaurant,114.0404644,22.3100051
GARDENEast,114.172693,22.274771
Sour Dough,114.1696434,22.2766052
Sha Po New Village,114.112469,22.225349
Old Wan Chai Post Office,114.1732953,22.2743175
Kinsman,114.1521552,22.282368
Star Ferry's Water Tour,114.0461057,22.306329
ZARA Causeway Bay,114.1821159,22.278163
Best Western Hotel,114.1806795,22.2770716
The Butterfly Room,114.1757128,22.2947312
Rosewood,114.1758105,22.2949764
Hong Kong Stadium,114.1886088,22.2728794
Sampan Seafood Restaurant,114.1113807,22.2267239
Yung Shue Wan Main St,114.1113144,22.2246861
Bonham Strand,114.1509556,22.2860165
Tai Pak Restaurant,114.1107473,22.3720011
Des Voeux Rd Central,114.1563306,22.2837635
Cafe Match Box,114.1845646,22.282017
Fantasyland,114.0403712,22.3126793
Woo Cheong Tea House,114.1714565,22.2763125
Ki'son Roasted Goose,114.1703754,22.3211982
Oasis Aurum 181 Hotel,114.1367366,22.2873529
Gold Garden Restaurant,114.156725,22.338358
Sun Wui Kong Restaurant,114.157556,22.3365789
Ocean Park Station,114.1744429,22.2486966
7-Eleven (Hong Kong Airport),113.9345365,22.3151516
Kwan Yu Roasted Meat,114.1917762,22.2849371
Po Kee BBQ Restaurant,114.1364596,22.2860372
N1 Coffee & Co.,114.1747068,22.2971553
Cheung Hing Restaurant,114.1698565,22.277828
N Lantau Hwy,113.9941709,22.3128123
Kai Kee Noodle Restaurant,114.1509262,22.2850691
Midtown Delights,114.0427651,22.3129226
Ying Kee Noodle,114.1423856,22.2850886
Twenty One From Eight Café,114.1366245,22.2843702
MASHI NO MASHI,114.1797746,22.2769587
Star Ferry,114.169106,22.2942179
BAPE Café,114.1679679,22.2978861
The one Lemon,114.115512,22.372073
YOHO MALL,114.0353169,22.445713
Tai Wong Temple,114.1708326,22.2754516
Regala Skycity Hotel,113.9420082,22.3192383
Man Wah,114.1754362,22.2766294
Bar Leone,114.151134,22.2835262
The Royal Garden,114.1776517,22.2985622
King's Café,114.184909,22.2795396
Reservoir Islands Viewpoint,114.0241592,22.3908987
Golden Beach,113.9880307,22.372233
HAIKA Coffee,114.0285086,22.209694
Samsen,114.1741694,22.274125
Tsui Wan,114.2405715,22.2677381
Castle Peak,113.9535622,22.3889552
The Archive Shop,114.0406676,22.3099503
Cococabana,114.250984,22.229331
China Club HK,114.1601909,22.2802075
Bowen Rd,114.168185,22.273932
Passione,114.1721445,22.2755562
Giorgio Armani,114.1718016,22.2747024
Sleepyhead,114.1684358,22.2764465
Tung Wan Beach,114.0299387,22.2104191
Yuen Long Park,114.0187843,22.4417892
Harbour Plaza 8 Degrees,114.1906691,22.3229344
Kin Rin Ko Restaurant,114.1389126,22.3690784
Kwai Hing Station,114.131255,22.363471
Silka Tsuen Wan,114.1387044,22.369145
Valley Centre,114.1800161,22.2759492
Café Ocean,114.1714354,22.2345036
Dim Sum Library,114.1653074,22.2768712
SkyPier,113.9440077,22.3179776
Cafe Aficionado,113.9342088,22.3190698
QRE Plaza,114.1722029,22.2749857
The Cityview,114.171644,22.313683
Hotel Pravo,114.1707107,22.2965205
Xi Hotel,114.1741571,22.2969076
Wan Chai Computer Centre,114.1731214,22.2772562
Hon Wo Korean Restaurant,114.182785,22.2801666
Causeway Bay Centre Shopping Arcade,114.1866883,22.2800677
Regal Airport Hotel,113.9343274,22.3186949
Siu Lam,114.0116334,22.3687091
World of Color Restaurant,114.0386538,22.3082726
GENERAL PURPOSE HK,114.1851092,22.2821475
SHOWA Causeway Bay,114.1842247,22.2789798
Ting Kau Bridge,114.0803834,22.3631241
富華麵包餅店,114.1647399,22.3200949
Men Wah Bing Teng (Causeway Bay),114.183756,22.2812892
Portland St,114.1686812,22.3191173
Shek O Beach,114.2511234,22.228976
